bread,chips,curd,green tea,,,,,,,,,,,,,,,spinach,olive oil
curd,,,,,,,,,,,,,,,,,,,
bread,MDH masala,fish,maggie noodles,noodles,water bottles,cheeze,olive oil,energy bar,french wine,eggs,salt,,,,,,,,
fruits,curd,,,,,,,,,,,,,,,,,,
fruits,,,,,,,,,,,,,,,,,,,
bread,almonds,eggs,chips,biscuits,green tea,,,,,,,,,,,,,,
Cat food,soup,coffee,body spray,,,,,,,,,,,,,,,,
biscuits,Cat food,vegetables,chilli powder,oil,chocolate,tea,magazines,,,,,,,,,,,,
muffins,eggs,biscuits,,,,,,,,,,,,,,,,,
biscuits,,,,,,,,,,,,,,,,,,,
vegetables,whole wheat maggie noodles,dog food,noodles,chocolate,green tea,,,,,,,,,,,,,,
water bottles,cool drinks,chocolate,,,,,,,,,,,,,,,,,
bread,MDH masala,energy bar,almonds,eggs,corn,mayonnaise,zucchini,,,,,,,,,,,,
biscuits,bread,dog food,chocolate,soup,almonds,eggs,hot dogs,cottage cheese,,,,,,,,,,,
Cat food,noodles,chocolate,eggs,,,,,,,,,,,,,,,,
dog food,energy bar,pet food,carrots,protein bar,,,,,,,,,,,,,,,
dog food,tomato sauce,noodles,water bottles,almonds,eggs,,,,,,,,,,,,,,
water bottles,olive oil,gums,cooking oil,,,,,,,,,,,,,,,,
fish,maggie noodles,water bottles,soup,avocado,milk,olive oil,fruits,eggs,bug spray,,,,,,,,,,
fish,maggie noodles,soup,cake,cooking oil,chicken,mayonese,curd,,,,,,,,,,,,
noodles,water bottles,chocolate,chips,fruits,coffee,mushroom cream sauce,bread,,,,,,,,,,,,
fish,maggie noodles,water bottles,eggs,,,,,,,,,,,,,,,,
bread,oil,juice,bread,,,,,,,,,,,,,,,,
french wine,eggs,chocolate,curd,,,,,,,,,,,,,,,,
chicken,eggs,chips,pancakes,,,,,,,,,,,,,,,,
biscuits,MDH masala,salmon,white wine,candy bars,,,,,,,,,,,,,,,
grated cheese,noodles,olive oil,eggs,chips,green tea,,,,,,,,,,,,,,
water bottles,energy bar,,,,,,,,,,,,,,,,,,
eggs,chips,,,,,,,,,,,,,,,,,,
bread,tomatoes,water bottles,soup,milk,almonds,eggs,chocolate,juice,,,,,,,,,,,
muffins,,,,,,,,,,,,,,,,,,,
maggie noodles,,,,,,,,,,,,,,,,,,,
tomatoes,noodles,milkshake,,,,,,,,,,,,,,,,,
dog food,noodles,milk,,,,,,,,,,,,,,,,,
chips,,,,,,,,,,,,,,,,,,,
chocolate,milk,,,,,,,,,,,,,,,,,,
bread,fish,maggie noodles,vegetables,noodles,water bottles,milk,eggs,chocolate,chips,pancakes,curd,,,,,,,,
dog food,water bottles,cool drinks,protein bar,,,,,,,,,,,,,,,,
grated cheese,whole wheat maggie noodles,dog food,noodles,cake,energy drink,,,,,,,,,,,,,,
grated cheese,,,,,,,,,,,,,,,,,,,
pancakes,,,,,,,,,,,,,,,,,,,
milkshake,,,,,,,,,,,,,,,,,,,
carrots,green tea,,,,,,,,,,,,,,,,,,
chocolate,,,,,,,,,,,,,,,,,,,
biscuits,bread,chocolate,olive oil,eggs,cooking oil,corn,,,,,,,,,,,,,
vegetables,tomatoes,chilli powder,noodles,water bottles,pancakes,chicken,chili,tea,chips,juice,bread,,,,,,,,
biscuits,,,,,,,,,,,,,,,,,,,
dog food,,,,,,,,,,,,,,,,,,,
biscuits,eggs,chocolate,milkshake,juice,,,,,,,,,,,,,,,
vegetables,cooking oil,mashed potato,,,,,,,,,,,,,,,,,
vegetables,dog food,tomato sauce,water bottles,cheeze,olive oil,fairness cream,juice,,,,,,,,,,,,
red wine,noodles,water bottles,soup,milk,eggs,cake,gums,cooking oil,chocolate,milkshake,,,,,,,,,
chocolate,tomatoes,noodles,water bottles,avocado,milk,olive oil,eggs,rice,chips,brownies,,,,,,,,,
chocolate,fish,maggie noodles,vegetables,dog food,water bottles,nonfat milk,eggs,,,,,,,,,,,,
biscuits,fish,maggie noodles,chilli powder,noodles,water bottles,eggs,chicken,chips,,,,,,,,,,,
biscuits,,,,,,,,,,,,,,,,,,,
biscuits,tomatoes,cake,,,,,,,,,,,,,,,,,
fish,water bottles,soup,milk,pancakes,whole wheat rice,cool drinks,carrots,chocolate,fruits,,,,,,,,,,
rice,,,,,,,,,,,,,,,,,,,
chocolate,milk,,,,,,,,,,,,,,,,,,
fish,maggie noodles,vegetables,water spray,,,,,,,,,,,,,,,,
bread,water bottles,milk,eggs,whole wheat rice,mint,,,,,,,,,,,,,,
water bottles,vegetables mix,cake,milkshake,brownies,,,,,,,,,,,,,,,
biscuits,,,,,,,,,,,,,,,,,,,
fish,maggie noodles,chicken,chocolate bread,,,,,,,,,,,,,,,,
shallot,,,,,,,,,,,,,,,,,,,
fish,maggie noodles,noodles,eggs,hot dogs,green tea,,,,,,,,,,,,,,
bread,,,,,,,,,,,,,,,,,,,
red wine,dog food,noodles,water bottles,milk,olive oil,strong cheese,fairness cream,cooking oil,,,,,,,,,,,
bread,grated cheese,noodles,avocado,milk,oil,chips,,,,,,,,,,,,,
MDH masala,whole wheat maggie noodles,dog food,water bottles,olive oil,,,,,,,,,,,,,,,
fish,maggie noodles,fish,milk,chocolate,,,,,,,,,,,,,,,
butter,green tea,,,,,,,,,,,,,,,,,,
mayonese,,,,,,,,,,,,,,,,,,,
curd,,,,,,,,,,,,,,,,,,,
MDH masala,fish,maggie noodles,noodles,milk,,,,,,,,,,,,,,,
bread,eggs,,,,,,,,,,,,,,,,,,
biscuits,MDH masala,dog food,soup,avocado,milk,black tea,eggs,cool drinks,carrots,biscuits,juice,bread,,,,,,,
biscuits,,,,,,,,,,,,,,,,,,,
coffee,,,,,,,,,,,,,,,,,,,
chilli powder,chips,strawberries,pancakes,curd,,,,,,,,,,,,,,,
vegetables,fish,chicken,honey,mayonese,,,,,,,,,,,,,,,
chocolate,fruits,,,,,,,,,,,,,,,,,,
MDH masala,honey,cake,rice,protein bar,,,,,,,,,,,,,,,
bread,chocolate,vegetables,dog food,water bottles,milk,mayonese,asparagus,,,,,,,,,,,,
chocolate,water bottles,corn,cottage cheese,green tea,,,,,,,,,,,,,,,
muffins,,,,,,,,,,,,,,,,,,,
Cat food,french wine,coffee,,,,,,,,,,,,,,,,,
noodles,milk,whole wheat rice,mint green tea,,,,,,,,,,,,,,,,
chocolate,body spray,,,,,,,,,,,,,,,,,,
vegetables,chips,hot dogs,,,,,,,,,,,,,,,,,
candy bars,,,,,,,,,,,,,,,,,,,
bread,fish,maggie noodles,milk,green tea,chips,biscuits,white wine,,,,,,,,,,,,
wheat cheese,dog food,,,,,,,,,,,,,,,,,,
pancakes,whole wheat rice,candy bars,,,,,,,,,,,,,,,,,
eggs,eggplant,biscuits,,,,,,,,,,,,,,,,,
vegetables,water bottles,,,,,,,,,,,,,,,,,,
chocolate,,,,,,,,,,,,,,,,,,,
biscuits,noodles,milk,whole wheat rice,chocolate,,,,,,,,,,,,,,,
whole wheat maggie noodles,dog food,noodles,soup,cheeze,chicken,blueberries,cooking oil,fruits,yogurt cake,protein bar,,,,,,,,,
cooking oil,juice,,,,,,,,,,,,,,,,,,
vegetables,milk,eggs,chips,green tea,,,,,,,,,,,,,,,
fish,noodles,olive oil,french wine,eggs,chips,fruits,pancakes,mayonese,,,,,,,,,,,
red wine,honey,hot dogs,,,,,,,,,,,,,,,,,
milk,pizza base,eggs,chips,bread,,,,,,,,,,,,,,,
chips,muffins,,,,,,,,,,,,,,,,,,
milk,,,,,,,,,,,,,,,,,,,
chips,,,,,,,,,,,,,,,,,,,
chocolate,,,,,,,,,,,,,,,,,,,
bread,Cat food,red wine,,,,,,,,,,,,,,,,,
fish,maggie noodles,tomatoes,energy bar,french wine,cool drinks,chips,milkshake,brownies,,,,,,,,,,,
green tea,,,,,,,,,,,,,,,,,,,
curd,,,,,,,,,,,,,,,,,,,
biscuits,noodles,water bottles,soup,spinach,soda,energy drink,salt,,,,,,,,,,,,
biscuits,eggs,,,,,,,,,,,,,,,,,,
bug spray,hot dogs,,,,,,,,,,,,,,,,,,
oil,,,,,,,,,,,,,,,,,,,
soup,energy bar,chicken,eggs,cake,chips,body spray,strawberries,,,,,,,,,,,,
noodles,chocolate,yogurt cake,,,,,,,,,,,,,,,,,
biscuits,water bottles,cheeze,,,,,,,,,,,,,,,,,
dog food,water bottles,chocolate,fromage blanc,pizza base,hot dogs,,,,,,,,,,,,,,
vegetables,water bottles,vegetables mix,coffee,,,,,,,,,,,,,,,,
MDH masala,red wine,tomatoes,,,,,,,,,,,,,,,,,
whole wheat maggie noodles,olive oil,cereals,brownies,green tea,,,,,,,,,,,,,,,
biscuits,,,,,,,,,,,,,,,,,,,
olive oil,biscuits,mushroom cream sauce,,,,,,,,,,,,,,,,,
dog food,pancakes,cooking oil,soap,mayonese,,,,,,,,,,,,,,,
water bottles,chips,,,,,,,,,,,,,,,,,,
MDH masala,,,,,,,,,,,,,,,,,,,
salmon,,,,,,,,,,,,,,,,,,,
eggs,coffee,,,,,,,,,,,,,,,,,,
water bottles,juice,,,,,,,,,,,,,,,,,,
water bottles,,,,,,,,,,,,,,,,,,,
fish,water bottles,soup,black tea,,,,,,,,,,,,,,,,
cake,milkshake,,,,,,,,,,,,,,,,,,
biscuits,bread,grated cheese,tomatoes,chocolate,fromage blanc,honey,whole wheat rice,,,,,,,,,,,,
vegetables,dog food,water bottles,olive oil,pancakes,,,,,,,,,,,,,,,
biscuits,bread,dog food,milk,olive oil,cake,bread,,,,,,,,,,,,,
whole wheat maggie noodles,dog food,noodles,fish,water bottles,soup,chutney,cereals,energy drink,protein bar,,,,,,,,,,
eggs,whole wheat rice,cake,green tea,coffee,,,,,,,,,,,,,,,
dog food,fish,soup,avocado,salmon,green tea,,,,,,,,,,,,,,
milk,,,,,,,,,,,,,,,,,,,
noodles,chocolate,,,,,,,,,,,,,,,,,,
whole wheat maggie noodles,honey,,,,,,,,,,,,,,,,,,
whole wheat maggie noodles,green tea,,,,,,,,,,,,,,,,,,
noodles,cheeze,vegetables mix,chocolate,,,,,,,,,,,,,,,,
eggs,curd,,,,,,,,,,,,,,,,,,
fish,fish,maggie noodles,water bottles,olive oil,eggs,cake,brownies,juice,,,,,,,,,,,
water bottles,fruits,hot dogs,bread,,,,,,,,,,,,,,,,
vegetables,cheeze,eggs,chocolate,,,,,,,,,,,,,,,,
chocolate,,,,,,,,,,,,,,,,,,,
cheeze,milk,,,,,,,,,,,,,,,,,,
curd,,,,,,,,,,,,,,,,,,,
green tea,,,,,,,,,,,,,,,,,,,
coffee,maggie noodles,,,,,,,,,,,,,,,,,,
chilli powder,chocolate,olive oil,french wine,salmon,rice,mayonese,bread,magazines,,,,,,,,,,,
red wine,french wine,vegetables mix,rice,clothes accessories,hot dogs,green tea,,,,,,,,,,,,,
bread,dessert wine,noodles,chicken,cake,protein bar,green tea,,,,,,,,,,,,,
french wine,cake,bread,,,,,,,,,,,,,,,,,
bread,vegetables,soap,eggs,,,,,,,,,,,,,,,,
red wine,,,,,,,,,,,,,,,,,,,
chilli powder,water bottles,energy bar,fruits,,,,,,,,,,,,,,,,
milk,eggs,cake,chocolate,chips,green tea,,,,,,,,,,,,,,
chips,,,,,,,,,,,,,,,,,,,
almonds,,,,,,,,,,,,,,,,,,,
bread,water bottles,green tea,,,,,,,,,,,,,,,,,
milk,pancakes,,,,,,,,,,,,,,,,,,
pancakes,eggs,salt,juice,,,,,,,,,,,,,,,,
water bottles,,,,,,,,,,,,,,,,,,,
Cat food,noodles,water bottles,olive oil,,,,,,,,,,,,,,,,
salt,juice,bread,,,,,,,,,,,,,,,,,
noodles,mushroom cream sauce,,,,,,,,,,,,,,,,,,
noodles,water bottles,eggs,pet food,,,,,,,,,,,,,,,,
vegetables,noodles,,,,,,,,,,,,,,,,,,
energy drink,,,,,,,,,,,,,,,,,,,
muffins,,,,,,,,,,,,,,,,,,,
biscuits,milk,,,,,,,,,,,,,,,,,,
biscuits,,,,,,,,,,,,,,,,,,,
chocolate,,,,,,,,,,,,,,,,,,,
noodles,water bottles,eggs,cooking oil,chocolate,coffee,,,,,,,,,,,,,,
fish,vegetables,chilli powder,noodles,green tea,,,,,,,,,,,,,,,
bread,fish,red wine,water bottles,chips,hand protein bar,curd,,,,,,,,,,,,,
pancakes,eggs,energy drink,bread,,,,,,,,,,,,,,,,
strong cheese,salmon,green tea,chips,milkshake,hot dogs,,,,,,,,,,,,,,
grated cheese,fish,maggie noodles,tomatoes,milk,milkshake,sandwich,,,,,,,,,,,,,
MDH masala,whole wheat maggie noodles,olive oil,pancakes,eggs,,,,,,,,,,,,,,,
noodles,cool drinks,,,,,,,,,,,,,,,,,,
chocolate,milk,almonds,eggs,strawberries,white wine,,,,,,,,,,,,,,
chips,strawberries,,,,,,,,,,,,,,,,,,
water bottles,,,,,,,,,,,,,,,,,,,
eggs,,,,,,,,,,,,,,,,,,,
coffee,,,,,,,,,,,,,,,,,,,
cake,,,,,,,,,,,,,,,,,,,
whole wheat maggie noodles,cool drinks,body spray,green tea,,,,,,,,,,,,,,,,
water bottles,oil,milkshake,,,,,,,,,,,,,,,,,
chips,fruits,,,,,,,,,,,,,,,,,,
chocolate,chips,,,,,,,,,,,,,,,,,,
vegetables,noodles,eggs,,,,,,,,,,,,,,,,,
hot dogs,,,,,,,,,,,,,,,,,,,
chocolate,biscuits,,,,,,,,,,,,,,,,,,
pancakes,,,,,,,,,,,,,,,,,,,
fish,butter,chicken,salmon,,,,,,,,,,,,,,,,
chocolate,biscuits,babies food,,,,,,,,,,,,,,,,,
chilli powder,noodles,cake,chocolate,chips,bread,,,,,,,,,,,,,,
avocado,oil,cereals,chips,,,,,,,,,,,,,,,,
MDH masala,noodles,water bottles,spinach,eggs,oil,cooking oil,green tea,soap,juice,curd,,,,,,,,,
MDH masala,vegetables,dog food,chilli powder,noodles,mint green tea,chips,,,,,,,,,,,,,
chips,,,,,,,,,,,,,,,,,,,
green tea,juice,,,,,,,,,,,,,,,,,,
eggs,whole wheat rice,chocolate,,,,,,,,,,,,,,,,,
grated cheese,MDH masala,red wine,noodles,water bottles,salmon,eggs,cooking oil,green tea,,,,,,,,,,,
chips,biscuits,shallot,juice,bread,curd,,,,,,,,,,,,,,
bread,fish,noodles,muffins,honey,,,,,,,,,,,,,,,
MDH masala,dog food,noodles,eggs,chicken,,,,,,,,,,,,,,,
grated cheese,muffins,juice,mayonnaise,,,,,,,,,,,,,,,,
whole wheat maggie noodles,fish,water bottles,muffins,milkshake,hot dogs,energy drink,,,,,,,,,,,,,
bread,noodles,soup,milk,olive oil,salmon,eggs,blueberries,,,,,,,,,,,,
chocolate,fruits,magazines,,,,,,,,,,,,,,,,,
vegetables,noodles,fish,water bottles,french wine,fruits,rice,chocolate,,,,,,,,,,,,
tomato sauce,chocolate,,,,,,,,,,,,,,,,,,
milk,eggs,,,,,,,,,,,,,,,,,,
pet food,,,,,,,,,,,,,,,,,,,
yogurt cake,,,,,,,,,,,,,,,,,,,
green tea,,,,,,,,,,,,,,,,,,,
coffee,maggie noodles,,,,,,,,,,,,,,,,,,
MDH masala,dog food,,,,,,,,,,,,,,,,,,
water bottles,honey,brownies,,,,,,,,,,,,,,,,,
biscuits,eggs,cake,energy drink,,,,,,,,,,,,,,,,
biscuits,bread,dessert wine,dog food,soup,salmon,eggs,gums,juice,candy bars,,,,,,,,,,
noodles,water bottles,chicken,,,,,,,,,,,,,,,,,
biscuits,dog food,carrots,chips,melons,,,,,,,,,,,,,,,
water bottles,eggs,curd,,,,,,,,,,,,,,,,,
biscuits,cooking oil,soap,,,,,,,,,,,,,,,,,
noodles,hot dogs,,,,,,,,,,,,,,,,,,
chocolate,green tea,,,,,,,,,,,,,,,,,,
grated cheese,chilli powder,water bottles,chocolate,eggs,cake,mashed potato,juice,,,,,,,,,,,,
chocolate,,,,,,,,,,,,,,,,,,,
noodles,olive oil,strong cheese,pancakes,,,,,,,,,,,,,,,,
red wine,water bottles,soup,rice,biscuits,,,,,,,,,,,,,,,
red wine,fish,noodles,,,,,,,,,,,,,,,,,
green tea,,,,,,,,,,,,,,,,,,,
water bottles,chicken,chips,milkshake,,,,,,,,,,,,,,,,
muffins,,,,,,,,,,,,,,,,,,,
cake,chocolate,,,,,,,,,,,,,,,,,,
fish,tomatoes,water bottles,soup,avocado,cheeze,olive oil,,,,,,,,,,,,,
biscuits,chips,,,,,,,,,,,,,,,,,,
bread,biscuits,MDH masala,dog food,pancakes,eggs,fairness cream,rice,fruits,bread,,,,,,,,,,
coffee,,,,,,,,,,,,,,,,,,,
chocolate,coffee,bread,,,,,,,,,,,,,,,,,
Cat food,noodles,french wine,vegetables mix,chocolate,chips,,,,,,,,,,,,,,
avocado,mayonese,,,,,,,,,,,,,,,,,,
noodles,fish,butter,chocolate,,,,,,,,,,,,,,,,
energy bar,eggs,chips,,,,,,,,,,,,,,,,,
fish,cool drinks,eggplant,,,,,,,,,,,,,,,,,
energy drink,,,,,,,,,,,,,,,,,,,
whole wheat rice,chips,hot dogs,green tea,,,,,,,,,,,,,,,,
water bottles,chicken,green tea,,,,,,,,,,,,,,,,,
eggs,cake,mushroom cream sauce,,,,,,,,,,,,,,,,,
coffee,,,,,,,,,,,,,,,,,,,
cool drinks,coffee,,,,,,,,,,,,,,,,,,
fish,noodles,chips,,,,,,,,,,,,,,,,,
grated cheese,noodles,salmon,juice,,,,,,,,,,,,,,,,
noodles,green tea,,,,,,,,,,,,,,,,,,
fruits,protein bar,,,,,,,,,,,,,,,,,,
water bottles,avocado,chocolate,,,,,,,,,,,,,,,,,
tomatoes,fruits,green tea,,,,,,,,,,,,,,,,,
chicken,chips,coffee,,,,,,,,,,,,,,,,,
vegetables,tomatoes,eggs,green tea,milkshake,mayonese,,,,,,,,,,,,,,
dog food,chicken,cider,fruits,honey,chocolate,chips,fruits,milkshake,coffee,,,,,,,,,,
chips,fruits,,,,,,,,,,,,,,,,,,
water bottles,soup,,,,,,,,,,,,,,,,,,
vegetables,noodles,milk,chocolate,babies food,,,,,,,,,,,,,,,
honey,whole wheat rice,,,,,,,,,,,,,,,,,,
whole wheat rice,chicken,juice,,,,,,,,,,,,,,,,,
pancakes,,,,,,,,,,,,,,,,,,,
green tea,protein bar,juice,candy bars,,,,,,,,,,,,,,,,
chips,,,,,,,,,,,,,,,,,,,
water bottles,,,,,,,,,,,,,,,,,,,
coffee,,,,,,,,,,,,,,,,,,,
grated cheese,MDH masala,whole wheat maggie noodles,fish,water bottles,pizza base,nonfat milk,spinach,,,,,,,,,,,,
noodles,milk,,,,,,,,,,,,,,,,,,
milk,chocolate,white wine,,,,,,,,,,,,,,,,,
sandwich,,,,,,,,,,,,,,,,,,,
chocolate,mayonese,,,,,,,,,,,,,,,,,,
fish,whole wheat maggie noodles,noodles,cheeze,chicken,milkshake,juice,,,,,,,,,,,,,
red wine,dog food,noodles,water bottles,eggs,,,,,,,,,,,,,,,
fish,melons,,,,,,,,,,,,,,,,,,
noodles,cooking oil,,,,,,,,,,,,,,,,,,
chips,,,,,,,,,,,,,,,,,,,
water bottles,milk,spinach,cooking oil,chocolate,milkshake,hot dogs,,,,,,,,,,,,,
tomato sauce,milk,,,,,,,,,,,,,,,,,,
fish,cider,eggs,chips,,,,,,,,,,,,,,,,
fruits,,,,,,,,,,,,,,,,,,,
fish,,,,,,,,,,,,,,,,,,,
chips,,,,,,,,,,,,,,,,,,,
vegetables,water bottles,energy bar,honey,rice,green tea,,,,,,,,,,,,,,
chips,fish,,,,,,,,,,,,,,,,,,
honey,chocolate,chips,brownies,,,,,,,,,,,,,,,,
green tea,strawberries,soap,,,,,,,,,,,,,,,,,
vegetables,dog food,water bottles,salmon,honey,chocolate,green tea,mushroom cream sauce,soap,,,,,,,,,,,
grated cheese,tomatoes,water bottles,cheeze,,,,,,,,,,,,,,,,
fish,chocolate,water spray,,,,,,,,,,,,,,,,,
biscuits,,,,,,,,,,,,,,,,,,,
biscuits,eggs,,,,,,,,,,,,,,,,,,
biscuits,vegetables,tomatoes,soup,butter,french wine,pancakes,eggs,juice,bread,green tea,,,,,,,,,
noodles,,,,,,,,,,,,,,,,,,,
milk,milkshake,curd,,,,,,,,,,,,,,,,,
bread,water bottles,milk,whole wheat rice,cereals,chocolate,chips,,,,,,,,,,,,,
water bottles,,,,,,,,,,,,,,,,,,,
tomatoes,water bottles,soup,cake,chocolate,,,,,,,,,,,,,,,
water bottles,,,,,,,,,,,,,,,,,,,
dog food,noodles,,,,,,,,,,,,,,,,,,
chilli powder,milkshake,,,,,,,,,,,,,,,,,,
yogurt cake,,,,,,,,,,,,,,,,,,,
red wine,pancakes,,,,,,,,,,,,,,,,,,
candy bars,,,,,,,,,,,,,,,,,,,
eggs,chips,curd,,,,,,,,,,,,,,,,,
biscuits,,,,,,,,,,,,,,,,,,,
biscuits,,,,,,,,,,,,,,,,,,,
noodles,soup,vegetables mix,spinach,chips,coffee,cauliflower,toothpaste,,,,,,,,,,,,
biscuits,,,,,,,,,,,,,,,,,,,
soup,olive oil,eggs,soda,corn,,,,,,,,,,,,,,,
chocolate,milkshake,curd,,,,,,,,,,,,,,,,,
noodles,water bottles,milk,pancakes,chocolate,chips,,,,,,,,,,,,,,
water bottles,,,,,,,,,,,,,,,,,,,
MDH masala,vegetables,tomato sauce,water bottles,soup,milk,olive oil,almonds,,,,,,,,,,,,
bread,eggs,,,,,,,,,,,,,,,,,,
chips,,,,,,,,,,,,,,,,,,,
milkshake,cottage cheese,,,,,,,,,,,,,,,,,,
tomatoes,water bottles,chocolate,mayonese,,,,,,,,,,,,,,,,
salmon,coffee,shallot,strawberries,bread,curd,,,,,,,,,,,,,,
energy bar,,,,,,,,,,,,,,,,,,,
red wine,dog food,noodles,pancakes,blueberries,oil,cooking oil,juice,,,,,,,,,,,,
dog food,noodles,water bottles,milk,milkshake,fruits,,,,,,,,,,,,,,
biscuits,,,,,,,,,,,,,,,,,,,
salmon,coffee,,,,,,,,,,,,,,,,,,
biscuits,,,,,,,,,,,,,,,,,,,
curd,,,,,,,,,,,,,,,,,,,
eggs,,,,,,,,,,,,,,,,,,,
red wine,butter,hot dogs,,,,,,,,,,,,,,,,,
tomatoes,water bottles,soup,mashed potato,,,,,,,,,,,,,,,,
biscuits,,,,,,,,,,,,,,,,,,,
wheat cheese,dog food,salmon,pancakes,fruits,,,,,,,,,,,,,,,
dog food,fish,chocolate,olive oil,eggs,,,,,,,,,,,,,,,
fish,salmon,eggs,biscuits,hot dogs,,,,,,,,,,,,,,,
magazines,mint,,,,,,,,,,,,,,,,,,
biscuits,water bottles,eggs,cooking oil,chocolate,coffee,,,,,,,,,,,,,,
water bottles,mushroom cream sauce,,,,,,,,,,,,,,,,,,
grated cheese,vegetables,water bottles,soup,milk,french wine,,,,,,,,,,,,,,
chocolate,cake,,,,,,,,,,,,,,,,,,
bread,salt,white wine,,,,,,,,,,,,,,,,,
energy drink,,,,,,,,,,,,,,,,,,,
olive oil,cake,energy drink,,,,,,,,,,,,,,,,,
dog food,whole wheat rice,,,,,,,,,,,,,,,,,,
eggs,chips,,,,,,,,,,,,,,,,,,
noodles,coffee,mushroom cream sauce,,,,,,,,,,,,,,,,,
water bottles,fromage blanc,whole wheat rice,cake,chips,,,,,,,,,,,,,,,
biscuits,bread,vegetables,dog food,water bottles,milk,eggs,cake,mayonese,,,,,,,,,,,
green tea,cottage cheese,,,,,,,,,,,,,,,,,,
fish,eggs,fruits,,,,,,,,,,,,,,,,,
biscuits,,,,,,,,,,,,,,,,,,,
biscuits,,,,,,,,,,,,,,,,,,,
biscuits,,,,,,,,,,,,,,,,,,,
tomatoes,water bottles,eggplant,,,,,,,,,,,,,,,,,
grated cheese,tomatoes,noodles,water bottles,soup,honey,chicken,chocolate,chips,,,,,,,,,,,
protein bar,,,,,,,,,,,,,,,,,,,
MDH masala,red wine,fish,water bottles,cool drinks,protein bar,,,,,,,,,,,,,,
bread,Cat food,noodles,water bottles,milk,eggs,chips,coffee,pancakes,curd,,,,,,,,,,
chips,,,,,,,,,,,,,,,,,,,
vegetables,soup,milk,eggs,whole wheat rice,chocolate,coffee,melons,,,,,,,,,,,,
noodles,,,,,,,,,,,,,,,,,,,
MDH masala,fish,soup,eggs,oil,cooking oil,energy drink,protein bar,curd,,,,,,,,,,,
Cat food,grated cheese,MDH masala,fish,dog food,noodles,water bottles,carrots,,,,,,,,,,,,
Cat food,red wine,dog food,fish,water bottles,chocolate,curd,,,,,,,,,,,,,
chocolate,chips,mushroom cream sauce,cottage cheese,curd,,,,,,,,,,,,,,,
eggs,,,,,,,,,,,,,,,,,,,
cake,biscuits,,,,,,,,,,,,,,,,,,
grated cheese,water bottles,cake,chocolate bread,,,,,,,,,,,,,,,,
tomatoes,almonds,cake,fruits,curd,,,,,,,,,,,,,,,
MDH masala,fish,vegetables,milk,butter,salmon,eggs,chocolate,,,,,,,,,,,,
MDH masala,fish,whole wheat maggie noodles,whole wheat rice,chicken,green tea,cauliflower,,,,,,,,,,,,,
eggs,corn,,,,,,,,,,,,,,,,,,
fish,vegetables,tomato sauce,water bottles,chocolate,soup,olive oil,salmon,green beans,fruits,,,,,,,,,,
Cat food,MDH masala,tomato sauce,water bottles,fruits,eggs,gums,fairness cream,oil,green tea,mint,,,,,,,,,
energy bar,cake,chocolate,,,,,,,,,,,,,,,,,
MDH masala,fish,noodles,eggs,,,,,,,,,,,,,,,,
fish,water bottles,honey,cooking oil,,,,,,,,,,,,,,,,
red wine,water bottles,oil,ketchup,chili,pet food,eggplant,green tea,coffee,juice,curd,,,,,,,,,
MDH masala,fish,water bottles,pancakes,eggs,cake,blueberries,tea,milkshake,,,,,,,,,,,
dog food,water bottles,protein bar,,,,,,,,,,,,,,,,,
fish,vegetables,wheat cheese,noodles,salmon,carrots,milkshake,maggie noodles,mashed potato,shallot,mayonese,magazines,,,,,,,,
milk,chocolate,,,,,,,,,,,,,,,,,,
vegetables,dog food,noodles,olive oil,whole wheat rice,eggplant,cottage cheese,,,,,,,,,,,,,
biscuits,dog food,curd,,,,,,,,,,,,,,,,,
MDH masala,noodles,water bottles,whole wheat rice,cake,hot dogs,green tea,,,,,,,,,,,,,
green tea,,,,,,,,,,,,,,,,,,,
biscuits,,,,,,,,,,,,,,,,,,,
eggs,biscuits,,,,,,,,,,,,,,,,,,
noodles,eggs,Cat food,chocolate,chips,fruits,brownies,pancakes,mayonese,,,,,,,,,,,
red wine,noodles,milk,eggs,chocolate,,,,,,,,,,,,,,,
biscuits,bread,pancakes,chips,strawberries,green tea,,,,,,,,,,,,,,
coffee,,,,,,,,,,,,,,,,,,,
vegetables,pancakes,eggs,cake,,,,,,,,,,,,,,,,
chips,,,,,,,,,,,,,,,,,,,
biscuits,dog food,chilli powder,noodles,honey,biscuits,,,,,,,,,,,,,,
chocolate,red wine,tomato sauce,olive oil,chili,chips,biscuits,salt,bread,magazines,,,,,,,,,,
green tea,chips,,,,,,,,,,,,,,,,,,
water bottles,,,,,,,,,,,,,,,,,,,
cooking oil,,,,,,,,,,,,,,,,,,,
vegetables,noodles,,,,,,,,,,,,,,,,,,
Cat food,noodles,,,,,,,,,,,,,,,,,,
chicken,chocolate,biscuits,,,,,,,,,,,,,,,,,
curd,,,,,,,,,,,,,,,,,,,
eggs,cake,curd,,,,,,,,,,,,,,,,,
fish,noodles,water bottles,soup,milk,bramble,milkshake,cottage cheese,,,,,,,,,,,,
water bottles,eggs,protein bar,,,,,,,,,,,,,,,,,
biscuits,fish,cheeze,butter,eggs,fish,green tea,,,,,,,,,,,,,
fish,noodles,chocolate,olive oil,chicken,chips,,,,,,,,,,,,,,
biscuits,fish,coffee,hot dogs,,,,,,,,,,,,,,,,
bread,chilli powder,soup,milk,pancakes,green tea,,,,,,,,,,,,,,
pancakes,,,,,,,,,,,,,,,,,,,
water bottles,pancakes,eggs,chips,,,,,,,,,,,,,,,,
eggs,coffee,curd,,,,,,,,,,,,,,,,,
water bottles,french wine,soap,,,,,,,,,,,,,,,,,
bread,dog food,noodles,eggs,chips,,,,,,,,,,,,,,,
soup,cheeze,milk,energy bar,,,,,,,,,,,,,,,,
chocolate,,,,,,,,,,,,,,,,,,,
MDH masala,,,,,,,,,,,,,,,,,,,
biscuits,red wine,water bottles,eggs,bramble,,,,,,,,,,,,,,,
bread,Cat food,vegetables,tomatoes,cake,chicken,green tea,toothpaste,mint,,,,,,,,,,,
grated cheese,water bottles,olive oil,energy bar,,,,,,,,,,,,,,,,
milk,cake,green tea,,,,,,,,,,,,,,,,,
water bottles,almonds,cooking oil,cereals,protein bar,white wine,green tea,,,,,,,,,,,,,
biscuits,fish,water bottles,milk,eggs,cake,burger sauce,chicken,chips,milkshake,bread,,,,,,,,,
MDH masala,water bottles,whole wheat rice,yogurt cake,curd,,,,,,,,,,,,,,,
tomatoes,noodles,cheeze,chicken,eggs,,,,,,,,,,,,,,,
bread,water bottles,eggs,green tea,pancakes,,,,,,,,,,,,,,,
cake,green tea,,,,,,,,,,,,,,,,,,
chocolate,MDH masala,yogurt cake,,,,,,,,,,,,,,,,,
dog food,noodles,water bottles,almonds,salmon,nonfat milk,fruits,pancakes,,,,,,,,,,,,
water bottles,vegetables mix,eggs,,,,,,,,,,,,,,,,,
protein bar,,,,,,,,,,,,,,,,,,,
eggs,eggplant,,,,,,,,,,,,,,,,,,
mayonnaise,,,,,,,,,,,,,,,,,,,
milk,bug spray,oatmeal,sandwich,asparagus,,,,,,,,,,,,,,,
vegetables,soup,almonds,eggs,chips,,,,,,,,,,,,,,,
vegetables,,,,,,,,,,,,,,,,,,,
soup,butter,soap,,,,,,,,,,,,,,,,,
MDH masala,whole wheat maggie noodles,chilli powder,eggs,,,,,,,,,,,,,,,,
water bottles,whole wheat rice,rice,cooking oil,chocolate,bread,curd,,,,,,,,,,,,,
grated cheese,butter,chocolate,chips,biscuits,,,,,,,,,,,,,,,
noodles,soup,milk,chutney,cooking oil,asparagus,juice,,,,,,,,,,,,,
eggs,chips,milkshake,biscuits,fruits,cottage cheese,green tea,,,,,,,,,,,,,
biscuits,tomatoes,water bottles,eggs,blueberries,,,,,,,,,,,,,,,
milk,juice,curd,green tea,,,,,,,,,,,,,,,,
water bottles,soup,almonds,cereals,green tea,,,,,,,,,,,,,,,
chocolate,mayonese,,,,,,,,,,,,,,,,,,
biscuits,MDH masala,chocolate,,,,,,,,,,,,,,,,,
eggs,chips,green tea,,,,,,,,,,,,,,,,,
water bottles,cake,chocolate,juice,,,,,,,,,,,,,,,,
eggs,,,,,,,,,,,,,,,,,,,
chocolate,chilli powder,noodles,water bottles,whole wheat rice,fruits,mushroom cream sauce,,,,,,,,,,,,,
vegetables,chilli powder,water bottles,chocolate,white wine,,,,,,,,,,,,,,,
bread,biscuits,noodles,milk,whole wheat rice,oil,juice,green tea,,,,,,,,,,,,
bread,noodles,water bottles,soup,french wine,chips,mayonese,curd,,,,,,,,,,,,
butter,fruits,milkshake,curd,,,,,,,,,,,,,,,,
eggs,curd,,,,,,,,,,,,,,,,,,
biscuits,,,,,,,,,,,,,,,,,,,
milk,energy drink,,,,,,,,,,,,,,,,,,
olive oil,energy drink,,,,,,,,,,,,,,,,,,
eggs,biscuits,,,,,,,,,,,,,,,,,,
eggs,,,,,,,,,,,,,,,,,,,
energy bar,eggs,,,,,,,,,,,,,,,,,,
eggs,,,,,,,,,,,,,,,,,,,
eggs,green tea,,,,,,,,,,,,,,,,,,
coffee,,,,,,,,,,,,,,,,,,,
fish,soup,milk,almonds,eggs,oil,chocolate,,,,,,,,,,,,,
chocolate,chips,,,,,,,,,,,,,,,,,,
cake,,,,,,,,,,,,,,,,,,,
pancakes,eggs,cake,green tea,toothpaste,,,,,,,,,,,,,,,
MDH masala,tomatoes,dog food,eggs,cooking oil,,,,,,,,,,,,,,,
cider,eggs,chocolate,curd,,,,,,,,,,,,,,,,
vegetables,cider,eggs,chips,,,,,,,,,,,,,,,,
fish,biscuits,toothpaste,,,,,,,,,,,,,,,,,
water bottles,milk,coffee,fruits,hot dogs,bread,,,,,,,,,,,,,,
Cat food,MDH masala,noodles,water bottles,chocolate,pancakes,eggs,,,,,,,,,,,,,
chilli powder,water bottles,coffee,shallot,protein bar,white wine,,,,,,,,,,,,,,
biscuits,wheat cheese,noodles,cheeze,butter,,,,,,,,,,,,,,,
MDH masala,eggs,coffee,,,,,,,,,,,,,,,,,
MDH masala,,,,,,,,,,,,,,,,,,,
bread,coffee,shallot,,,,,,,,,,,,,,,,,
chocolate,chilli powder,tomato sauce,juice,,,,,,,,,,,,,,,,
biscuits,,,,,,,,,,,,,,,,,,,
bread,dog food,noodles,water bottles,coffee,melons,,,,,,,,,,,,,,
vegetables,water bottles,soup,milk,olive oil,,,,,,,,,,,,,,,
biscuits,eggs,chips,asparagus,curd,zucchini,,,,,,,,,,,,,,
bread,vegetables,gums,,,,,,,,,,,,,,,,,
MDH masala,vegetables,dog food,milk,,,,,,,,,,,,,,,,
vegetables,cake,fairness cream,mashed potato,,,,,,,,,,,,,,,,
biscuits,eggs,cool drinks,,,,,,,,,,,,,,,,,
,,,,,,,,,,,,,,,,,,,
,,,,,,,,,,,,,,,,,,,
,,,,,,,,,,,,,,,,,,,
,,,,,,,,,,,,,,,,,,,
,,,,,,,,,,,,,,,,,,,
,,,,,,,,,,,,,,,,,,,
,,,,,,,,,,,,,,,,,,,
,,,,,,,,,,,,,,,,,,,
,,,,,,,,,,,,,,,,,,,
,,,,,,,,,,,,,,,,,,,
,,,,,,,,,,,,,,,,,,,
,,,,,,,,,,,,,,,,,,,
,,,,,,,,,,,,,,,,,,,
,,,,,,,,,,,,,,,,,,,
,,,,,,,,,,,,,,,,,,,
,,,,,,,,,,,,,,,,,,,
,,,,,,,,,,,,,,,,,,,
,,,,,,,,,,,,,,,,,,,
,,,,,,,,,,,,,,,,,,,
,,,,,,,,,,,,,,,,,,,
,,,,,,,,,,,,,,,,,,,
,,,,,,,,,,,,,,,,,,,
,,,,,,,,,,,,,,,,,,,
,,,,,,,,,,,,,,,,,,,
,,,,,,,,,,,,,,,,,,,
,,,,,,,,,,,,,,,,,,,
,,,,,,,,,,,,,,,,,,,
,,,,,,,,,,,,,,,,,,,
,,,,,,,,,,,,,,,,,,,
,,,,,,,,,,,,,,,,,,,
,,,,,,,,,,,,,,,,,,,
,,,,,,,,,,,,,,,,,,,
,,,,,,,,,,,,,,,,,,,
,,,,,,,,,,,,,,,,,,,
,,,,,,,,,,,,,,,,,,,
,,,,,,,,,,,,,,,,,,,
,,,,,,,,,,,,,,,,,,,
,,,,,,,,,,,,,,,,,,,
,,,,,,,,,,,,,,,,,,,
,,,,,,,,,,,,,,,,,,,
,,,,,,,,,,,,,,,,,,,
,,,,,,,,,,,,,,,,,,,
,,,,,,,,,,,,,,,,,,,
,,,,,,,,,,,,,,,,,,,
,,,,,,,,,,,,,,,,,,,
,,,,,,,,,,,,,,,,,,,
,,,,,,,,,,,,,,,,,,,
,,,,,,,,,,,,,,,,,,,
,,,,,,,,,,,,,,,,,,,
,,,,,,,,,,,,,,,,,,,
,,,,,,,,,,,,,,,,,,,
,,,,,,,,,,,,,,,,,,,
,,,,,,,,,,,,,,,,,,,
,,,,,,,,,,,,,,,,,,,
,,,,,,,,,,,,,,,,,,,
,,,,,,,,,,,,,,,,,,,
,,,,,,,,,,,,,,,,,,,
,,,,,,,,,,,,,,,,,,,
,,,,,,,,,,,,,,,,,,,
,,,,,,,,,,,,,,,,,,,
,,,,,,,,,,,,,,,,,,,
,,,,,,,,,,,,,,,,,,,
,,,,,,,,,,,,,,,,,,,
,,,,,,,,,,,,,,,,,,,
,,,,,,,,,,,,,,,,,,,
,,,,,,,,,,,,,,,,,,,
,,,,,,,,,,,,,,,,,,,
,,,,,,,,,,,,,,,,,,,
,,,,,,,,,,,,,,,,,,,
,,,,,,,,,,,,,,,,,,,
,,,,,,,,,,,,,,,,,,,
,,,,,,,,,,,,,,,,,,,
,,,,,,,,,,,,,,,,,,,
,,,,,,,,,,,,,,,,,,,
,,,,,,,,,,,,,,,,,,,
,,,,,,,,,,,,,,,,,,,
,,,,,,,,,,,,,,,,,,,
,,,,,,,,,,,,,,,,,,,
,,,,,,,,,,,,,,,,,,,
,,,,,,,,,,,,,,,,,,,
,,,,,,,,,,,,,,,,,,,
,,,,,,,,,,,,,,,,,,,
,,,,,,,,,,,,,,,,,,,
,,,,,,,,,,,,,,,,,,,
,,,,,,,,,,,,,,,,,,,
,,,,,,,,,,,,,,,,,,,
,,,,,,,,,,,,,,,,,,,
,,,,,,,,,,,,,,,,,,,
,,,,,,,,,,,,,,,,,,,
,,,,,,,,,,,,,,,,,,,
,,,,,,,,,,,,,,,,,,,
,,,,,,,,,,,,,,,,,,,
,,,,,,,,,,,,,,,,,,,
,,,,,,,,,,,,,,,,,,,
,,,,,,,,,,,,,,,,,,,
,,,,,,,,,,,,,,,,,,,
,,,,,,,,,,,,,,,,,,,
,,,,,,,,,,,,,,,,,,,
,,,,,,,,,,,,,,,,,,,
,,,,,,,,,,,,,,,,,,,
,,,,,,,,,,,,,,,,,,,
,,,,,,,,,,,,,,,,,,,
,,,,,,,,,,,,,,,,,,,
,,,,,,,,,,,,,,,,,,,
,,,,,,,,,,,,,,,,,,,
,,,,,,,,,,,,,,,,,,,
,,,,,,,,,,,,,,,,,,,
,,,,,,,,,,,,,,,,,,,
,,,,,,,,,,,,,,,,,,,
,,,,,,,,,,,,,,,,,,,
,,,,,,,,,,,,,,,,,,,
,,,,,,,,,,,,,,,,,,,
,,,,,,,,,,,,,,,,,,,
,,,,,,,,,,,,,,,,,,,
,,,,,,,,,,,,,,,,,,,
,,,,,,,,,,,,,,,,,,,
,,,,,,,,,,,,,,,,,,,
,,,,,,,,,,,,,,,,,,,
,,,,,,,,,,,,,,,,,,,
,,,,,,,,,,,,,,,,,,,
,,,,,,,,,,,,,,,,,,,
,,,,,,,,,,,,,,,,,,,
,,,,,,,,,,,,,,,,,,,
,,,,,,,,,,,,,,,,,,,
,,,,,,,,,,,,,,,,,,,
,,,,,,,,,,,,,,,,,,,
,,,,,,,,,,,,,,,,,,,
,,,,,,,,,,,,,,,,,,,
,,,,,,,,,,,,,,,,,,,
,,,,,,,,,,,,,,,,,,,
,,,,,,,,,,,,,,,,,,,
,,,,,,,,,,,,,,,,,,,
,,,,,,,,,,,,,,,,,,,
,,,,,,,,,,,,,,,,,,,
,,,,,,,,,,,,,,,,,,,
,,,,,,,,,,,,,,,,,,,
,,,,,,,,,,,,,,,,,,,
,,,,,,,,,,,,,,,,,,,
,,,,,,,,,,,,,,,,,,,
,,,,,,,,,,,,,,,,,,,
,,,,,,,,,,,,,,,,,,,
,,,,,,,,,,,,,,,,,,,
,,,,,,,,,,,,,,,,,,,
,,,,,,,,,,,,,,,,,,,
,,,,,,,,,,,,,,,,,,,
,,,,,,,,,,,,,,,,,,,
,,,,,,,,,,,,,,,,,,,
,,,,,,,,,,,,,,,,,,,
,,,,,,,,,,,,,,,,,,,
,,,,,,,,,,,,,,,,,,,
,,,,,,,,,,,,,,,,,,,
,,,,,,,,,,,,,,,,,,,
,,,,,,,,,,,,,,,,,,,
,,,,,,,,,,,,,,,,,,,
,,,,,,,,,,,,,,,,,,,
,,,,,,,,,,,,,,,,,,,
,,,,,,,,,,,,,,,,,,,
,,,,,,,,,,,,,,,,,,,
,,,,,,,,,,,,,,,,,,,
,,,,,,,,,,,,,,,,,,,
,,,,,,,,,,,,,,,,,,,
,,,,,,,,,,,,,,,,,,,
,,,,,,,,,,,,,,,,,,,
,,,,,,,,,,,,,,,,,,,
,,,,,,,,,,,,,,,,,,,
,,,,,,,,,,,,,,,,,,,
,,,,,,,,,,,,,,,,,,,
,,,,,,,,,,,,,,,,,,,
,,,,,,,,,,,,,,,,,,,
,,,,,,,,,,,,,,,,,,,
,,,,,,,,,,,,,,,,,,,
,,,,,,,,,,,,,,,,,,,
,,,,,,,,,,,,,,,,,,,
,,,,,,,,,,,,,,,,,,,
,,,,,,,,,,,,,,,,,,,
,,,,,,,,,,,,,,,,,,,
,,,,,,,,,,,,,,,,,,,
,,,,,,,,,,,,,,,,,,,
,,,,,,,,,,,,,,,,,,,
,,,,,,,,,,,,,,,,,,,
,,,,,,,,,,,,,,,,,,,
,,,,,,,,,,,,,,,,,,,
,,,,,,,,,,,,,,,,,,,
,,,,,,,,,,,,,,,,,,,
,,,,,,,,,,,,,,,,,,,
,,,,,,,,,,,,,,,,,,,
,,,,,,,,,,,,,,,,,,,
,,,,,,,,,,,,,,,,,,,
,,,,,,,,,,,,,,,,,,,
,,,,,,,,,,,,,,,,,,,
,,,,,,,,,,,,,,,,,,,
,,,,,,,,,,,,,,,,,,,
,,,,,,,,,,,,,,,,,,,
,,,,,,,,,,,,,,,,,,,
,,,,,,,,,,,,,,,,,,,
,,,,,,,,,,,,,,,,,,,
,,,,,,,,,,,,,,,,,,,
,,,,,,,,,,,,,,,,,,,
,,,,,,,,,,,,,,,,,,,
,,,,,,,,,,,,,,,,,,,
,,,,,,,,,,,,,,,,,,,
,,,,,,,,,,,,,,,,,,,
,,,,,,,,,,,,,,,,,,,
,,,,,,,,,,,,,,,,,,,
,,,,,,,,,,,,,,,,,,,
,,,,,,,,,,,,,,,,,,,
,,,,,,,,,,,,,,,,,,,
,,,,,,,,,,,,,,,,,,,
,,,,,,,,,,,,,,,,,,,
,,,,,,,,,,,,,,,,,,,
,,,,,,,,,,,,,,,,,,,
,,,,,,,,,,,,,,,,,,,
,,,,,,,,,,,,,,,,,,,
,,,,,,,,,,,,,,,,,,,
,,,,,,,,,,,,,,,,,,,
,,,,,,,,,,,,,,,,,,,
,,,,,,,,,,,,,,,,,,,
,,,,,,,,,,,,,,,,,,,
,,,,,,,,,,,,,,,,,,,
,,,,,,,,,,,,,,,,,,,
,,,,,,,,,,,,,,,,,,,
,,,,,,,,,,,,,,,,,,,
,,,,,,,,,,,,,,,,,,,
,,,,,,,,,,,,,,,,,,,
,,,,,,,,,,,,,,,,,,,
,,,,,,,,,,,,,,,,,,,
,,,,,,,,,,,,,,,,,,,
,,,,,,,,,,,,,,,,,,,
,,,,,,,,,,,,,,,,,,,
,,,,,,,,,,,,,,,,,,,
,,,,,,,,,,,,,,,,,,,
,,,,,,,,,,,,,,,,,,,
,,,,,,,,,,,,,,,,,,,
,,,,,,,,,,,,,,,,,,,
,,,,,,,,,,,,,,,,,,,
,,,,,,,,,,,,,,,,,,,
,,,,,,,,,,,,,,,,,,,
,,,,,,,,,,,,,,,,,,,
,,,,,,,,,,,,,,,,,,,
,,,,,,,,,,,,,,,,,,,
,,,,,,,,,,,,,,,,,,,
,,,,,,,,,,,,,,,,,,,
,,,,,,,,,,,,,,,,,,,
,,,,,,,,,,,,,,,,,,,
,,,,,,,,,,,,,,,,,,,
,,,,,,,,,,,,,,,,,,,
,,,,,,,,,,,,,,,,,,,
,,,,,,,,,,,,,,,,,,,
,,,,,,,,,,,,,,,,,,,
,,,,,,,,,,,,,,,,,,,
,,,,,,,,,,,,,,,,,,,
,,,,,,,,,,,,,,,,,,,
,,,,,,,,,,,,,,,,,,,
,,,,,,,,,,,,,,,,,,,
,,,,,,,,,,,,,,,,,,,
,,,,,,,,,,,,,,,,,,,
,,,,,,,,,,,,,,,,,,,
,,,,,,,,,,,,,,,,,,,
,,,,,,,,,,,,,,,,,,,
,,,,,,,,,,,,,,,,,,,
,,,,,,,,,,,,,,,,,,,
,,,,,,,,,,,,,,,,,,,
,,,,,,,,,,,,,,,,,,,
,,,,,,,,,,,,,,,,,,,
,,,,,,,,,,,,,,,,,,,
,,,,,,,,,,,,,,,,,,,
,,,,,,,,,,,,,,,,,,,
,,,,,,,,,,,,,,,,,,,
,,,,,,,,,,,,,,,,,,,
,,,,,,,,,,,,,,,,,,,
,,,,,,,,,,,,,,,,,,,
,,,,,,,,,,,,,,,,,,,
,,,,,,,,,,,,,,,,,,,
,,,,,,,,,,,,,,,,,,,
,,,,,,,,,,,,,,,,,,,
,,,,,,,,,,,,,,,,,,,
,,,,,,,,,,,,,,,,,,,
,,,,,,,,,,,,,,,,,,,
,,,,,,,,,,,,,,,,,,,
,,,,,,,,,,,,,,,,,,,
,,,,,,,,,,,,,,,,,,,
,,,,,,,,,,,,,,,,,,,
,,,,,,,,,,,,,,,,,,,
,,,,,,,,,,,,,,,,,,,
,,,,,,,,,,,,,,,,,,,
,,,,,,,,,,,,,,,,,,,
,,,,,,,,,,,,,,,,,,,
,,,,,,,,,,,,,,,,,,,
,,,,,,,,,,,,,,,,,,,
,,,,,,,,,,,,,,,,,,,
,,,,,,,,,,,,,,,,,,,
,,,,,,,,,,,,,,,,,,,
,,,,,,,,,,,,,,,,,,,
,,,,,,,,,,,,,,,,,,,
,,,,,,,,,,,,,,,,,,,
,,,,,,,,,,,,,,,,,,,
,,,,,,,,,,,,,,,,,,,
,,,,,,,,,,,,,,,,,,,
,,,,,,,,,,,,,,,,,,,
,,,,,,,,,,,,,,,,,,,
,,,,,,,,,,,,,,,,,,,
,,,,,,,,,,,,,,,,,,,
,,,,,,,,,,,,,,,,,,,
,,,,,,,,,,,,,,,,,,,
,,,,,,,,,,,,,,,,,,,
,,,,,,,,,,,,,,,,,,,
,,,,,,,,,,,,,,,,,,,
,,,,,,,,,,,,,,,,,,,
,,,,,,,,,,,,,,,,,,,
,,,,,,,,,,,,,,,,,,,
,,,,,,,,,,,,,,,,,,,
,,,,,,,,,,,,,,,,,,,
,,,,,,,,,,,,,,,,,,,
,,,,,,,,,,,,,,,,,,,
,,,,,,,,,,,,,,,,,,,
,,,,,,,,,,,,,,,,,,,
,,,,,,,,,,,,,,,,,,,
,,,,,,,,,,,,,,,,,,,
,,,,,,,,,,,,,,,,,,,
,,,,,,,,,,,,,,,,,,,
,,,,,,,,,,,,,,,,,,,
,,,,,,,,,,,,,,,,,,,
,,,,,,,,,,,,,,,,,,,
,,,,,,,,,,,,,,,,,,,
,,,,,,,,,,,,,,,,,,,
,,,,,,,,,,,,,,,,,,,
,,,,,,,,,,,,,,,,,,,
,,,,,,,,,,,,,,,,,,,
,,,,,,,,,,,,,,,,,,,
,,,,,,,,,,,,,,,,,,,
,,,,,,,,,,,,,,,,,,,
,,,,,,,,,,,,,,,,,,,
,,,,,,,,,,,,,,,,,,,
,,,,,,,,,,,,,,,,,,,
,,,,,,,,,,,,,,,,,,,
,,,,,,,,,,,,,,,,,,,
,,,,,,,,,,,,,,,,,,,
,,,,,,,,,,,,,,,,,,,
,,,,,,,,,,,,,,,,,,,
,,,,,,,,,,,,,,,,,,,
,,,,,,,,,,,,,,,,,,,
,,,,,,,,,,,,,,,,,,,
,,,,,,,,,,,,,,,,,,,
,,,,,,,,,,,,,,,,,,,
,,,,,,,,,,,,,,,,,,,
,,,,,,,,,,,,,,,,,,,
,,,,,,,,,,,,,,,,,,,
,,,,,,,,,,,,,,,,,,,
,,,,,,,,,,,,,,,,,,,
,,,,,,,,,,,,,,,,,,,
,,,,,,,,,,,,,,,,,,,
,,,,,,,,,,,,,,,,,,,
,,,,,,,,,,,,,,,,,,,
,,,,,,,,,,,,,,,,,,,
,,,,,,,,,,,,,,,,,,,
,,,,,,,,,,,,,,,,,,,
,,,,,,,,,,,,,,,,,,,
,,,,,,,,,,,,,,,,,,,
,,,,,,,,,,,,,,,,,,,
,,,,,,,,,,,,,,,,,,,
,,,,,,,,,,,,,,,,,,,
,,,,,,,,,,,,,,,,,,,
,,,,,,,,,,,,,,,,,,,
,,,,,,,,,,,,,,,,,,,
,,,,,,,,,,,,,,,,,,,
,,,,,,,,,,,,,,,,,,,
,,,,,,,,,,,,,,,,,,,
,,,,,,,,,,,,,,,,,,,
,,,,,,,,,,,,,,,,,,,
,,,,,,,,,,,,,,,,,,,
,,,,,,,,,,,,,,,,,,,
,,,,,,,,,,,,,,,,,,,
,,,,,,,,,,,,,,,,,,,
,,,,,,,,,,,,,,,,,,,
,,,,,,,,,,,,,,,,,,,
,,,,,,,,,,,,,,,,,,,
,,,,,,,,,,,,,,,,,,,
,,,,,,,,,,,,,,,,,,,
,,,,,,,,,,,,,,,,,,,
,,,,,,,,,,,,,,,,,,,
,,,,,,,,,,,,,,,,,,,
,,,,,,,,,,,,,,,,,,,
,,,,,,,,,,,,,,,,,,,
,,,,,,,,,,,,,,,,,,,
,,,,,,,,,,,,,,,,,,,
,,,,,,,,,,,,,,,,,,,
,,,,,,,,,,,,,,,,,,,
,,,,,,,,,,,,,,,,,,,
,,,,,,,,,,,,,,,,,,,
,,,,,,,,,,,,,,,,,,,
,,,,,,,,,,,,,,,,,,,
,,,,,,,,,,,,,,,,,,,
,,,,,,,,,,,,,,,,,,,
,,,,,,,,,,,,,,,,,,,
,,,,,,,,,,,,,,,,,,,
,,,,,,,,,,,,,,,,,,,
,,,,,,,,,,,,,,,,,,,
,,,,,,,,,,,,,,,,,,,
,,,,,,,,,,,,,,,,,,,
,,,,,,,,,,,,,,,,,,,
,,,,,,,,,,,,,,,,,,,
,,,,,,,,,,,,,,,,,,,
,,,,,,,,,,,,,,,,,,,
,,,,,,,,,,,,,,,,,,,
,,,,,,,,,,,,,,,,,,,
,,,,,,,,,,,,,,,,,,,
,,,,,,,,,,,,,,,,,,,
,,,,,,,,,,,,,,,,,,,
,,,,,,,,,,,,,,,,,,,
,,,,,,,,,,,,,,,,,,,
,,,,,,,,,,,,,,,,,,,
,,,,,,,,,,,,,,,,,,,
,,,,,,,,,,,,,,,,,,,
,,,,,,,,,,,,,,,,,,,
,,,,,,,,,,,,,,,,,,,
,,,,,,,,,,,,,,,,,,,
,,,,,,,,,,,,,,,,,,,
,,,,,,,,,,,,,,,,,,,
,,,,,,,,,,,,,,,,,,,
,,,,,,,,,,,,,,,,,,,
,,,,,,,,,,,,,,,,,,,
,,,,,,,,,,,,,,,,,,,
,,,,,,,,,,,,,,,,,,,
,,,,,,,,,,,,,,,,,,,
,,,,,,,,,,,,,,,,,,,
,,,,,,,,,,,,,,,,,,,
,,,,,,,,,,,,,,,,,,,
,,,,,,,,,,,,,,,,,,,
,,,,,,,,,,,,,,,,,,,
,,,,,,,,,,,,,,,,,,,
,,,,,,,,,,,,,,,,,,,
,,,,,,,,,,,,,,,,,,,
,,,,,,,,,,,,,,,,,,,
,,,,,,,,,,,,,,,,,,,
,,,,,,,,,,,,,,,,,,,
,,,,,,,,,,,,,,,,,,,
,,,,,,,,,,,,,,,,,,,
,,,,,,,,,,,,,,,,,,,
,,,,,,,,,,,,,,,,,,,
,,,,,,,,,,,,,,,,,,,
,,,,,,,,,,,,,,,,,,,
,,,,,,,,,,,,,,,,,,,
,,,,,,,,,,,,,,,,,,,
,,,,,,,,,,,,,,,,,,,
,,,,,,,,,,,,,,,,,,,
,,,,,,,,,,,,,,,,,,,
,,,,,,,,,,,,,,,,,,,
,,,,,,,,,,,,,,,,,,,
,,,,,,,,,,,,,,,,,,,
,,,,,,,,,,,,,,,,,,,
,,,,,,,,,,,,,,,,,,,
,,,,,,,,,,,,,,,,,,,
,,,,,,,,,,,,,,,,,,,
,,,,,,,,,,,,,,,,,,,
,,,,,,,,,,,,,,,,,,,
,,,,,,,,,,,,,,,,,,,
,,,,,,,,,,,,,,,,,,,
,,,,,,,,,,,,,,,,,,,
,,,,,,,,,,,,,,,,,,,
,,,,,,,,,,,,,,,,,,,
,,,,,,,,,,,,,,,,,,,
,,,,,,,,,,,,,,,,,,,
,,,,,,,,,,,,,,,,,,,
,,,,,,,,,,,,,,,,,,,
,,,,,,,,,,,,,,,,,,,
,,,,,,,,,,,,,,,,,,,
,,,,,,,,,,,,,,,,,,,
,,,,,,,,,,,,,,,,,,,
,,,,,,,,,,,,,,,,,,,
,,,,,,,,,,,,,,,,,,,
,,,,,,,,,,,,,,,,,,,
,,,,,,,,,,,,,,,,,,,
,,,,,,,,,,,,,,,,,,,
,,,,,,,,,,,,,,,,,,,
,,,,,,,,,,,,,,,,,,,
,,,,,,,,,,,,,,,,,,,
,,,,,,,,,,,,,,,,,,,
,,,,,,,,,,,,,,,,,,,
,,,,,,,,,,,,,,,,,,,
,,,,,,,,,,,,,,,,,,,
,,,,,,,,,,,,,,,,,,,
,,,,,,,,,,,,,,,,,,,
,,,,,,,,,,,,,,,,,,,
,,,,,,,,,,,,,,,,,,,
,,,,,,,,,,,,,,,,,,,
,,,,,,,,,,,,,,,,,,,
,,,,,,,,,,,,,,,,,,,
,,,,,,,,,,,,,,,,,,,
,,,,,,,,,,,,,,,,,,,
,,,,,,,,,,,,,,,,,,,
,,,,,,,,,,,,,,,,,,,
,,,,,,,,,,,,,,,,,,,
,,,,,,,,,,,,,,,,,,,
,,,,,,,,,,,,,,,,,,,
,,,,,,,,,,,,,,,,,,,
,,,,,,,,,,,,,,,,,,,
,,,,,,,,,,,,,,,,,,,
,,,,,,,,,,,,,,,,,,,
,,,,,,,,,,,,,,,,,,,
,,,,,,,,,,,,,,,,,,,
,,,,,,,,,,,,,,,,,,,
,,,,,,,,,,,,,,,,,,,
,,,,,,,,,,,,,,,,,,,
,,,,,,,,,,,,,,,,,,,
,,,,,,,,,,,,,,,,,,,
,,,,,,,,,,,,,,,,,,,
,,,,,,,,,,,,,,,,,,,
,,,,,,,,,,,,,,,,,,,
,,,,,,,,,,,,,,,,,,,
,,,,,,,,,,,,,,,,,,,
,,,,,,,,,,,,,,,,,,,
,,,,,,,,,,,,,,,,,,,
,,,,,,,,,,,,,,,,,,,
,,,,,,,,,,,,,,,,,,,
,,,,,,,,,,,,,,,,,,,
,,,,,,,,,,,,,,,,,,,
,,,,,,,,,,,,,,,,,,,
,,,,,,,,,,,,,,,,,,,
,,,,,,,,,,,,,,,,,,,
,,,,,,,,,,,,,,,,,,,
,,,,,,,,,,,,,,,,,,,
,,,,,,,,,,,,,,,,,,,
,,,,,,,,,,,,,,,,,,,
,,,,,,,,,,,,,,,,,,,
,,,,,,,,,,,,,,,,,,,
,,,,,,,,,,,,,,,,,,,
,,,,,,,,,,,,,,,,,,,
,,,,,,,,,,,,,,,,,,,
,,,,,,,,,,,,,,,,,,,
,,,,,,,,,,,,,,,,,,,
,,,,,,,,,,,,,,,,,,,
,,,,,,,,,,,,,,,,,,,
,,,,,,,,,,,,,,,,,,,
,,,,,,,,,,,,,,,,,,,
,,,,,,,,,,,,,,,,,,,
,,,,,,,,,,,,,,,,,,,
,,,,,,,,,,,,,,,,,,,
,,,,,,,,,,,,,,,,,,,
,,,,,,,,,,,,,,,,,,,
,,,,,,,,,,,,,,,,,,,
,,,,,,,,,,,,,,,,,,,
,,,,,,,,,,,,,,,,,,,
,,,,,,,,,,,,,,,,,,,
,,,,,,,,,,,,,,,,,,,
,,,,,,,,,,,,,,,,,,,
,,,,,,,,,,,,,,,,,,,
,,,,,,,,,,,,,,,,,,,
,,,,,,,,,,,,,,,,,,,
,,,,,,,,,,,,,,,,,,,
,,,,,,,,,,,,,,,,,,,
,,,,,,,,,,,,,,,,,,,
,,,,,,,,,,,,,,,,,,,
,,,,,,,,,,,,,,,,,,,
,,,,,,,,,,,,,,,,,,,
,,,,,,,,,,,,,,,,,,,
,,,,,,,,,,,,,,,,,,,
,,,,,,,,,,,,,,,,,,,
,,,,,,,,,,,,,,,,,,,
,,,,,,,,,,,,,,,,,,,
,,,,,,,,,,,,,,,,,,,
,,,,,,,,,,,,,,,,,,,
,,,,,,,,,,,,,,,,,,,
,,,,,,,,,,,,,,,,,,,
,,,,,,,,,,,,,,,,,,,
,,,,,,,,,,,,,,,,,,,
,,,,,,,,,,,,,,,,,,,
,,,,,,,,,,,,,,,,,,,
,,,,,,,,,,,,,,,,,,,
,,,,,,,,,,,,,,,,,,,
,,,,,,,,,,,,,,,,,,,
,,,,,,,,,,,,,,,,,,,
,,,,,,,,,,,,,,,,,,,
,,,,,,,,,,,,,,,,,,,
,,,,,,,,,,,,,,,,,,,
,,,,,,,,,,,,,,,,,,,
,,,,,,,,,,,,,,,,,,,
,,,,,,,,,,,,,,,,,,,
,,,,,,,,,,,,,,,,,,,
,,,,,,,,,,,,,,,,,,,
,,,,,,,,,,,,,,,,,,,
,,,,,,,,,,,,,,,,,,,
,,,,,,,,,,,,,,,,,,,
,,,,,,,,,,,,,,,,,,,
,,,,,,,,,,,,,,,,,,,
,,,,,,,,,,,,,,,,,,,
,,,,,,,,,,,,,,,,,,,
,,,,,,,,,,,,,,,,,,,
,,,,,,,,,,,,,,,,,,,
,,,,,,,,,,,,,,,,,,,
,,,,,,,,,,,,,,,,,,,
,,,,,,,,,,,,,,,,,,,
,,,,,,,,,,,,,,,,,,,
,,,,,,,,,,,,,,,,,,,
,,,,,,,,,,,,,,,,,,,
,,,,,,,,,,,,,,,,,,,
,,,,,,,,,,,,,,,,,,,
,,,,,,,,,,,,,,,,,,,
,,,,,,,,,,,,,,,,,,,
,,,,,,,,,,,,,,,,,,,
,,,,,,,,,,,,,,,,,,,
,,,,,,,,,,,,,,,,,,,
,,,,,,,,,,,,,,,,,,,
,,,,,,,,,,,,,,,,,,,
,,,,,,,,,,,,,,,,,,,
,,,,,,,,,,,,,,,,,,,
,,,,,,,,,,,,,,,,,,,
,,,,,,,,,,,,,,,,,,,
,,,,,,,,,,,,,,,,,,,
,,,,,,,,,,,,,,,,,,,
,,,,,,,,,,,,,,,,,,,
,,,,,,,,,,,,,,,,,,,
,,,,,,,,,,,,,,,,,,mayonnaise,
,,,,,,,,,,,,,,,,,,,
,,,,,,,,,,,,,,,,,,,
,,,,,,,,,,,,,,,,,,,
,,,,,,,,,,,,,,,,,,,
,,,,,,,,,,,,,,,,,,,
,,,,,,,,,,,,,,,,,,,
,,,,,,,,,,,,,,,,,,,
,,,,,,,,,,,,,,,,,,,
,,,,,,,,,,,,,,,,,,cereals,
